{
   "id":"48aad9ec08ceee2cfd5b93ebb614e9d9a3f02ffd",
   "title":"strandbeest",
   "url":"http://garyhodgson.github.com/strandbeest",
   "version":"1.0.0",
   "authors":[
      {
         "name":"Gary Hodgson",
         "url":"http://garyhodgson.com/reprap",
         "email":"contact@garyhodgson.com"
      }
   ],
   "licenses":[
      "GPL3"
   ],
   "tags":[
      "mechanical movement",
      "fun"
   ],
   "thumbnail-urls":[
      "https://github.com/garyhodgson/strandbeest/raw/master/img/assembly.png"
   ],
   "description":"Work in Progress!!\\n\\nMy take on implementing Theo Jansen's Strandbeest on a 3D printer.\\n\\nUsing the \"Theo Jansen Linkage 11 holy numbers\" together with the top j strut as a reference point use the ratio to determine lengths See: http://www.strandbeest.com/beests_leg.php and http://www.instructables.com/community/theo-jansen-mechanism-1/"
}